{"title":"Battlefield 3","abbr":"BF3","icon":{"filename":"2014\/11\/bf3m.jpg","mimetype":"image\/jpeg"},"maplist":[{"title":"Operation Metro","screenshot":{"filename":"2014\/11\/operation_metro.jpg","mimetype":"image\/jpeg"}},{"title":"Caspian Border","screenshot":{"filename":"2014\/11\/caspian_border.jpg","mimetype":"image\/jpeg"}},{"title":"Operation Firestorm","screenshot":{"filename":"2014\/11\/operation_firestorm.jpg","mimetype":"image\/jpeg"}},{"title":"Grand Bazaar","screenshot":{"filename":"2014\/11\/grand_bazaar.jpg","mimetype":"image\/jpeg"}},{"title":"Damavand Peak","screenshot":{"filename":"2014\/11\/damavand_peak.jpg","mimetype":"image\/jpeg"}},{"title":"Tehran Highway","screenshot":{"filename":"2014\/11\/tehran_highway.jpg","mimetype":"image\/jpeg"}},{"title":"Kharg Island","screenshot":{"filename":"2014\/11\/kharg.jpg","mimetype":"image\/jpeg"}},{"title":"Seine Crossing","screenshot":{"filename":"2014\/11\/siene_crossing.jpg","mimetype":"image\/jpeg"}},{"title":"Noshahr Canals","screenshot":{"filename":"2014\/11\/n_calans_kharg_island.jpg","mimetype":"image\/jpeg"}},{"title":"Gulf of Oman","screenshot":{"filename":"2014\/11\/gulf-of-oman.jpg","mimetype":"image\/jpeg"}},{"title":"Sharqi Peninsula","screenshot":{"filename":"2014\/11\/sharqi-peninsula.jpg","mimetype":"image\/jpeg"}},{"title":"Wake Island","screenshot":{"filename":"2014\/11\/wake-island.jpg","mimetype":"image\/jpeg"}},{"title":"Strike at Karkand","screenshot":{"filename":"2014\/11\/strike-at-karkand.jpg","mimetype":"image\/jpeg"}}]}