{"title":"Team Fortress 2","abbr":"TF2","icon":{"filename":"2014\/11\/tf2_small.gif","mimetype":"image\/gif"},"maplist":[{"title":"2Fort","screenshot":{"filename":"2014\/11\/ctf_2fort.jpg","mimetype":"image\/jpeg"}},{"title":"Double Cross","screenshot":{"filename":"2014\/11\/ctf_doublecross.jpg","mimetype":"image\/jpeg"}},{"title":"Sawmill","screenshot":{"filename":"2014\/11\/ctf_sawmill.jpg","mimetype":"image\/jpeg"}},{"title":"Turbine","screenshot":{"filename":"2014\/11\/ctf_turbine.jpg","mimetype":"image\/jpeg"}},{"title":"Well","screenshot":{"filename":"2014\/11\/ctf_well.jpg","mimetype":"image\/jpeg"}},{"title":"5Gorge","screenshot":{"filename":"2014\/11\/CP_5Gorge.jpg","mimetype":"image\/jpeg"}},{"title":"Badlands","screenshot":{"filename":"2014\/11\/cp_badlands1.jpg","mimetype":"image\/jpeg"}},{"title":"Coldfront","screenshot":{"filename":"2014\/11\/cp_coldfront1.jpg","mimetype":"image\/jpeg"}},{"title":"Fastlane","screenshot":{"filename":"2014\/11\/cp_fastlane.jpg","mimetype":"image\/jpeg"}},{"title":"Freight","screenshot":{"filename":"2014\/11\/cp_freight_final1.jpg","mimetype":"image\/jpeg"}},{"title":"Granary","screenshot":{"filename":"2014\/11\/cp_granary.jpg","mimetype":"image\/jpeg"}},{"title":"Yukon","screenshot":{"filename":"2014\/11\/cp_yukon_final.jpg","mimetype":"image\/jpeg"}},{"title":"Dustbowl","screenshot":{"filename":"2014\/11\/cp_dustbowl.jpg","mimetype":"image\/jpeg"}},{"title":"Egypt","screenshot":{"filename":"2014\/11\/cp_egypt_final.jpg","mimetype":"image\/jpeg"}},{"title":"Gorge","screenshot":{"filename":"2014\/11\/cp_gorge.jpg","mimetype":"image\/jpeg"}},{"title":"Gravel Pit","screenshot":{"filename":"2014\/11\/cp_gravelpit.jpg","mimetype":"image\/jpeg"}},{"title":"Junction","screenshot":{"filename":"2014\/11\/cp_junction_final.jpg","mimetype":"image\/jpeg"}},{"title":"Steel","screenshot":{"filename":"2014\/11\/2010092203534301_cpSteel_2.jpg","mimetype":"image\/jpeg"}},{"title":"Hydro","screenshot":{"filename":"2014\/11\/tc_hydro.jpg","mimetype":"image\/jpeg"}},{"title":"Badwater Basin","screenshot":{"filename":"2014\/11\/pl_badwater.jpg","mimetype":"image\/jpeg"}},{"title":"Gold Rush","screenshot":{"filename":"2014\/11\/pl_goldrush.jpg","mimetype":"image\/jpeg"}},{"title":"Hoodoo","screenshot":{"filename":"2014\/11\/pl_hoodoo_final.jpg","mimetype":"image\/jpeg"}},{"title":"Thunder Mountain","screenshot":{"filename":"2014\/11\/pl_thundermountain.jpg","mimetype":"image\/jpeg"}},{"title":"Upward","screenshot":{"filename":"2014\/11\/pl_upward1.jpg","mimetype":"image\/jpeg"}},{"title":"Pipeline","screenshot":{"filename":"2014\/11\/plr_pipeline.jpg","mimetype":"image\/jpeg"}},{"title":"Hightower","screenshot":{"filename":"2014\/11\/plr_hightower1.jpg","mimetype":"image\/jpeg"}},{"title":"Obscure","screenshot":{"filename":"2014\/11\/cp_obscure11.jpg","mimetype":"image\/jpeg"}},{"title":"Warmfront","screenshot":{"filename":"2014\/11\/cp_warmfront.jpg","mimetype":"image\/jpeg"}},{"title":"Turbine Pro","screenshot":{"filename":"2014\/11\/ctf_turbine_pro.jpg","mimetype":"image\/jpeg"}},{"title":"Gullywash Pro","screenshot":{"filename":"2014\/11\/cp_gullywash.jpg","mimetype":"image\/jpeg"}},{"title":"Snakewater","screenshot":{"filename":"2014\/11\/cp_snakewater.jpg","mimetype":"image\/jpeg"}},{"title":"Bazillion","screenshot":{"filename":"2014\/11\/cp_bazillion.jpg","mimetype":"image\/jpeg"}}]}