{"title":"Battlefield 2","abbr":"BF2","icon":{"filename":"2014\/11\/bf2icon-1.png","mimetype":"image\/png"},"maplist":[{"title":"Dalian Plant","screenshot":{"filename":"2014\/11\/dalian_plant.png","mimetype":"image\/png"}},{"title":"Daqing Oilfields","screenshot":{"filename":"2014\/11\/daqing_oilfields.png","mimetype":"image\/png"}},{"title":"Dragon Valley","screenshot":{"filename":"2014\/11\/dragon_valley.png","mimetype":"image\/png"}},{"title":"Fushe Pass","screenshot":{"filename":"2014\/11\/fushe_pass.png","mimetype":"image\/png"}},{"title":"Gulf of Oman","screenshot":{"filename":"2014\/11\/gulf_of_oman.png","mimetype":"image\/png"}},{"title":"Highway Tampa","screenshot":{"filename":"2014\/11\/highway_tampa.png","mimetype":"image\/png"}},{"title":"Kubra Dam","screenshot":{"filename":"2014\/11\/kubra_dam.png","mimetype":"image\/png"}},{"title":"Mashtuur City","screenshot":{"filename":"2014\/11\/mashtuur_city.png","mimetype":"image\/png"}},{"title":"Operation Clean Sweep","screenshot":{"filename":"2014\/11\/operation_clean_sweep.png","mimetype":"image\/png"}},{"title":"Road to Jalalabad","screenshot":{"filename":"2014\/11\/road_to_jalalabad.png","mimetype":"image\/png"}},{"title":"Sharqi Peninsula","screenshot":{"filename":"2014\/11\/sharqi_peninsula.png","mimetype":"image\/png"}},{"title":"Songhua Stalemate","screenshot":{"filename":"2014\/11\/songhua_stalemate.png","mimetype":"image\/png"}},{"title":"Strike At Karkand","screenshot":{"filename":"2014\/11\/strike_at_karkand.png","mimetype":"image\/png"}},{"title":"Wake Island","screenshot":{"filename":"2014\/11\/wake_island_2007.png","mimetype":"image\/png"}},{"title":"Zatar Wetlands","screenshot":{"filename":"2014\/11\/zatar_wetlands.png","mimetype":"image\/png"}},{"title":"Midnight sun","screenshot":{"filename":"2014\/11\/midnightsun.png","mimetype":"image\/png"}},{"title":"Operation Harvest","screenshot":{"filename":"2014\/11\/operationharvest.png","mimetype":"image\/png"}},{"title":"Operation Road Rage","screenshot":{"filename":"2014\/11\/operationroadrage.png","mimetype":"image\/png"}},{"title":"Great Wall","screenshot":{"filename":"2014\/11\/great_wall.png","mimetype":"image\/png"}},{"title":"Operation Smoke Screen","screenshot":{"filename":"2014\/11\/operation_smoke_screen.png","mimetype":"image\/png"}},{"title":"Taraba Quarry","screenshot":{"filename":"2014\/11\/taraba_quarry.png","mimetype":"image\/png"}}]}