{"title":"Bad Company 2","abbr":"BC2","icon":{"filename":"2014\/11\/bc2.png","mimetype":"image\/png"},"maplist":[{"title":"Arica Harbor","screenshot":{"filename":"2014\/11\/bc2-arica-harbor.jpg","mimetype":"image\/jpeg"}},{"title":"Atacama Desert","screenshot":{"filename":"2014\/11\/bc2-atacama-desert.jpg","mimetype":"image\/jpeg"}},{"title":"Isla Inocentes","screenshot":{"filename":"2014\/11\/bc2-isla-inocentes.jpg","mimetype":"image\/jpeg"}},{"title":"Laguna Alta","screenshot":{"filename":"2014\/11\/bc2-laguna-alta.jpg","mimetype":"image\/jpeg"}},{"title":"Laguna Presa","screenshot":{"filename":"2014\/11\/bc2-laguna-presa.jpg","mimetype":"image\/jpeg"}},{"title":"Nelson Bay","screenshot":{"filename":"2014\/11\/bc2-nelson-bay.jpg","mimetype":"image\/jpeg"}},{"title":"Panama Canal","screenshot":{"filename":"2014\/11\/bc2-panama-canal.jpg","mimetype":"image\/jpeg"}},{"title":"Port Valdez","screenshot":{"filename":"2014\/11\/bc2-port-valdez.jpg","mimetype":"image\/jpeg"}},{"title":"Valparaiso Village","screenshot":{"filename":"2014\/11\/bc2-valparaiso.jpg","mimetype":"image\/jpeg"}},{"title":"White Pass","screenshot":{"filename":"2014\/11\/bc2-white-pass.jpg","mimetype":"image\/jpeg"}}]}