{"title":"Battlefield 1942","abbr":"BF1942","icon":{"filename":"2014\/11\/bf1942.png","mimetype":"image\/png"},"maplist":[{"title":"Wake","screenshot":{"filename":"2014\/11\/wake.jpg","mimetype":"image\/jpeg"}},{"title":"Battle of the bulge","screenshot":{"filename":"2014\/11\/battle_of_the_bulge.jpg","mimetype":"image\/jpeg"}},{"title":"Battleaxe","screenshot":{"filename":"2014\/11\/battleaxe.jpg","mimetype":"image\/jpeg"}},{"title":"Berlin","screenshot":{"filename":"2014\/11\/berlin.jpg","mimetype":"image\/jpeg"}},{"title":"Bocage","screenshot":{"filename":"2014\/11\/bocage.jpg","mimetype":"image\/jpeg"}},{"title":"El Alamein","screenshot":{"filename":"2014\/11\/el_alamein.jpg","mimetype":"image\/jpeg"}},{"title":"Gazala","screenshot":{"filename":"2014\/11\/gazala.jpg","mimetype":"image\/jpeg"}},{"title":"Guadal Canal","screenshot":{"filename":"2014\/11\/guadalcanal.jpg","mimetype":"image\/jpeg"}},{"title":"Iwo Jima","screenshot":{"filename":"2014\/11\/iwo_jima.jpg","mimetype":"image\/jpeg"}},{"title":"Kharkov","screenshot":{"filename":"2014\/11\/kharkov.jpg","mimetype":"image\/jpeg"}},{"title":"Kursk","screenshot":{"filename":"2014\/11\/kursk.jpg","mimetype":"image\/jpeg"}},{"title":"Market Garden","screenshot":{"filename":"2014\/11\/market_garden.jpg","mimetype":"image\/jpeg"}},{"title":"Midway","screenshot":{"filename":"2014\/11\/midway.jpg","mimetype":"image\/jpeg"}},{"title":"Omaha Beach","screenshot":{"filename":"2014\/11\/omaha_beach.jpg","mimetype":"image\/jpeg"}},{"title":"Stalingrad","screenshot":{"filename":"2014\/11\/stalingrad.jpg","mimetype":"image\/jpeg"}},{"title":"Tobruk","screenshot":{"filename":"2014\/11\/tobruk.jpg","mimetype":"image\/jpeg"}}]}