{"title":"Left 4 Dead 2","abbr":"L4D2","icon":{"filename":"2014\/11\/L4D21.png","mimetype":"image\/png"},"maplist":[{"title":"The Parish","screenshot":{"filename":"2014\/11\/parish_posternew_thumb11.jpg","mimetype":"image\/jpeg"}},{"title":"Hard Rain","screenshot":{"filename":"2014\/11\/hardrain_poster11.jpg","mimetype":"image\/jpeg"}},{"title":"Dead Center","screenshot":{"filename":"2014\/11\/deadcenter_poster1.png","mimetype":"image\/png"}},{"title":"Swamp Fever","screenshot":{"filename":"2014\/11\/swampfever_posternew_thumb11.jpg","mimetype":"image\/jpeg"}},{"title":"Dark Carnival","screenshot":{"filename":"2014\/11\/dark-carnival_poster11.png","mimetype":"image\/png"}}]}