{"title":"Battlefield BC2 Vietnam","abbr":"BC2V","icon":{"filename":"2014\/11\/Vietnamico1.png","mimetype":"image\/png"},"maplist":[{"title":"Vantage Point","screenshot":{"filename":"2014\/11\/Vantage_Point.jpg","mimetype":"image\/jpeg"}},{"title":"Hill 137","screenshot":{"filename":"2014\/11\/Hill_137.jpg","mimetype":"image\/jpeg"}},{"title":"Khao San Temple","screenshot":{"filename":"2014\/11\/Khao_San_Temple.jpg","mimetype":"image\/jpeg"}},{"title":"Operation Hastings","screenshot":{"filename":"2014\/11\/Operation_Hastings.jpg","mimetype":"image\/jpeg"}},{"title":"Phu Bai Valley","screenshot":{"filename":"2014\/11\/Phu_Bai_Valley.jpg","mimetype":"image\/jpeg"}}]}